{
  "promoted": {
    "varroa-kynnys": {
      "answer": "3 punkkia per 100 mehiläistä",
      "confidence": 0.92,
      "promoted_at": 1772447300.0961273
    }
  },
  "timestamp": 1772447300.0961282
}