{
  "promoted": {
    "varroa-kynnys": {
      "answer": "3 punkkia per 100 mehiläistä",
      "confidence": 0.92,
      "promoted_at": 1772476595.9482455
    }
  },
  "timestamp": 1772476595.9482462
}