{
  "promoted": {
    "varroa-kynnys": {
      "answer": "3 punkkia per 100 mehiläistä",
      "confidence": 0.92,
      "promoted_at": 1772386342.7195268
    }
  },
  "timestamp": 1772386342.7195282
}